company_id,company_name,industry,city,country,employees,annual_revenue_million_usd
1,Company 001,Software,Hyderabad,India,67,4.7
2,Company 002,Finance,Bengaluru,India,84,8.4
3,Company 003,Healthcare,Mumbai,India,101,12.1
4,Company 004,Retail,Chennai,India,118,15.8
5,Company 005,Manufacturing,Pune,India,135,19.5
6,Company 006,Telecom,Delhi,India,152,23.2
7,Company 007,Energy,Kolkata,India,169,26.9
8,Company 008,Logistics,Ahmedabad,India,186,30.6
9,Company 009,Software,Hyderabad,India,203,34.3
10,Company 010,Finance,Bengaluru,India,220,38.0
11,Company 011,Healthcare,Mumbai,India,237,41.7
12,Company 012,Retail,Chennai,India,254,45.4
13,Company 013,Manufacturing,Pune,India,271,49.1
14,Company 014,Telecom,Delhi,India,288,52.8
15,Company 015,Energy,Kolkata,India,305,56.5
16,Company 016,Logistics,Ahmedabad,India,322,60.2
17,Company 017,Software,Hyderabad,India,339,63.9
18,Company 018,Finance,Bengaluru,India,356,67.6
19,Company 019,Healthcare,Mumbai,India,373,71.3
20,Company 020,Retail,Chennai,India,390,75.0
21,Company 021,Manufacturing,Pune,India,407,78.7
22,Company 022,Telecom,Delhi,India,424,82.4
23,Company 023,Energy,Kolkata,India,441,86.1
24,Company 024,Logistics,Ahmedabad,India,458,89.8
25,Company 025,Software,Hyderabad,India,475,93.5
26,Company 026,Finance,Bengaluru,India,492,97.2
27,Company 027,Healthcare,Mumbai,India,509,100.9
28,Company 028,Retail,Chennai,India,526,104.6
29,Company 029,Manufacturing,Pune,India,543,108.3
30,Company 030,Telecom,Delhi,India,560,112.0
31,Company 031,Energy,Kolkata,India,577,115.7
32,Company 032,Logistics,Ahmedabad,India,594,119.4
33,Company 033,Software,Hyderabad,India,611,123.1
34,Company 034,Finance,Bengaluru,India,628,126.8
35,Company 035,Healthcare,Mumbai,India,645,130.5
36,Company 036,Retail,Chennai,India,662,134.2
37,Company 037,Manufacturing,Pune,India,679,137.9
38,Company 038,Telecom,Delhi,India,696,141.6
39,Company 039,Energy,Kolkata,India,713,145.3
40,Company 040,Logistics,Ahmedabad,India,730,149.0
41,Company 041,Software,Hyderabad,India,747,152.7
42,Company 042,Finance,Bengaluru,India,764,156.4
43,Company 043,Healthcare,Mumbai,India,781,160.1
44,Company 044,Retail,Chennai,India,798,163.8
45,Company 045,Manufacturing,Pune,India,815,167.5
46,Company 046,Telecom,Delhi,India,832,171.2
47,Company 047,Energy,Kolkata,India,849,174.9
48,Company 048,Logistics,Ahmedabad,India,866,178.6
49,Company 049,Software,Hyderabad,India,883,182.3
50,Company 050,Finance,Bengaluru,India,900,186.0
51,Company 051,Healthcare,Mumbai,India,917,189.7
52,Company 052,Retail,Chennai,India,934,193.4
53,Company 053,Manufacturing,Pune,India,951,197.1
54,Company 054,Telecom,Delhi,India,968,200.8
55,Company 055,Energy,Kolkata,India,985,204.5
56,Company 056,Logistics,Ahmedabad,India,1002,208.2
57,Company 057,Software,Hyderabad,India,1019,211.9
58,Company 058,Finance,Bengaluru,India,1036,215.6
59,Company 059,Healthcare,Mumbai,India,1053,219.3
60,Company 060,Retail,Chennai,India,1070,223.0
61,Company 061,Manufacturing,Pune,India,1087,226.7
62,Company 062,Telecom,Delhi,India,1104,230.4
63,Company 063,Energy,Kolkata,India,1121,234.1
64,Company 064,Logistics,Ahmedabad,India,1138,237.8
65,Company 065,Software,Hyderabad,India,1155,241.5
66,Company 066,Finance,Bengaluru,India,1172,245.2
67,Company 067,Healthcare,Mumbai,India,1189,248.9
68,Company 068,Retail,Chennai,India,1206,2.6
69,Company 069,Manufacturing,Pune,India,1223,6.3
70,Company 070,Telecom,Delhi,India,1240,10.0
71,Company 071,Energy,Kolkata,India,1257,13.7
72,Company 072,Logistics,Ahmedabad,India,1274,17.4
73,Company 073,Software,Hyderabad,India,1291,21.1
74,Company 074,Finance,Bengaluru,India,1308,24.8
75,Company 075,Healthcare,Mumbai,India,1325,28.5
76,Company 076,Retail,Chennai,India,1342,32.2
77,Company 077,Manufacturing,Pune,India,1359,35.9
78,Company 078,Telecom,Delhi,India,1376,39.6
79,Company 079,Energy,Kolkata,India,1393,43.3
80,Company 080,Logistics,Ahmedabad,India,1410,47.0
81,Company 081,Software,Hyderabad,India,1427,50.7
82,Company 082,Finance,Bengaluru,India,1444,54.4
83,Company 083,Healthcare,Mumbai,India,1461,58.1
84,Company 084,Retail,Chennai,India,1478,61.8
85,Company 085,Manufacturing,Pune,India,1495,65.5
86,Company 086,Telecom,Delhi,India,1512,69.2
87,Company 087,Energy,Kolkata,India,1529,72.9
88,Company 088,Logistics,Ahmedabad,India,1546,76.6
89,Company 089,Software,Hyderabad,India,1563,80.3
90,Company 090,Finance,Bengaluru,India,1580,84.0
91,Company 091,Healthcare,Mumbai,India,1597,87.7
92,Company 092,Retail,Chennai,India,1614,91.4
93,Company 093,Manufacturing,Pune,India,1631,95.1
94,Company 094,Telecom,Delhi,India,1648,98.8
95,Company 095,Energy,Kolkata,India,1665,102.5
96,Company 096,Logistics,Ahmedabad,India,1682,106.2
97,Company 097,Software,Hyderabad,India,1699,109.9
98,Company 098,Finance,Bengaluru,India,1716,113.6
99,Company 099,Healthcare,Mumbai,India,1733,117.3
100,Company 100,Retail,Chennai,India,1750,121.0
101,Company 101,Manufacturing,Pune,India,1767,124.7
102,Company 102,Telecom,Delhi,India,1784,128.4
103,Company 103,Energy,Kolkata,India,1801,132.1
104,Company 104,Logistics,Ahmedabad,India,1818,135.8
105,Company 105,Software,Hyderabad,India,1835,139.5
106,Company 106,Finance,Bengaluru,India,1852,143.2
107,Company 107,Healthcare,Mumbai,India,1869,146.9
108,Company 108,Retail,Chennai,India,1886,150.6
109,Company 109,Manufacturing,Pune,India,1903,154.3
110,Company 110,Telecom,Delhi,India,1920,158.0
111,Company 111,Energy,Kolkata,India,1937,161.7
112,Company 112,Logistics,Ahmedabad,India,1954,165.4
113,Company 113,Software,Hyderabad,India,1971,169.1
114,Company 114,Finance,Bengaluru,India,1988,172.8
115,Company 115,Healthcare,Mumbai,India,2005,176.5
116,Company 116,Retail,Chennai,India,2022,180.2
117,Company 117,Manufacturing,Pune,India,2039,183.9
118,Company 118,Telecom,Delhi,India,2056,187.6
119,Company 119,Energy,Kolkata,India,2073,191.3
120,Company 120,Logistics,Ahmedabad,India,2090,195.0
121,Company 121,Software,Hyderabad,India,2107,198.7
122,Company 122,Finance,Bengaluru,India,2124,202.4
123,Company 123,Healthcare,Mumbai,India,2141,206.1
124,Company 124,Retail,Chennai,India,2158,209.8
125,Company 125,Manufacturing,Pune,India,2175,213.5
126,Company 126,Telecom,Delhi,India,2192,217.2
127,Company 127,Energy,Kolkata,India,2209,220.9
128,Company 128,Logistics,Ahmedabad,India,2226,224.6
129,Company 129,Software,Hyderabad,India,2243,228.3
130,Company 130,Finance,Bengaluru,India,2260,232.0
131,Company 131,Healthcare,Mumbai,India,2277,235.7
132,Company 132,Retail,Chennai,India,2294,239.4
133,Company 133,Manufacturing,Pune,India,2311,243.1
134,Company 134,Telecom,Delhi,India,2328,246.8
135,Company 135,Energy,Kolkata,India,2345,250.5
136,Company 136,Logistics,Ahmedabad,India,2362,4.2
137,Company 137,Software,Hyderabad,India,2379,7.9
138,Company 138,Finance,Bengaluru,India,2396,11.6
139,Company 139,Healthcare,Mumbai,India,2413,15.3
140,Company 140,Retail,Chennai,India,2430,19.0
141,Company 141,Manufacturing,Pune,India,2447,22.7
142,Company 142,Telecom,Delhi,India,2464,26.4
143,Company 143,Energy,Kolkata,India,2481,30.1
144,Company 144,Logistics,Ahmedabad,India,2498,33.8
145,Company 145,Software,Hyderabad,India,2515,37.5
146,Company 146,Finance,Bengaluru,India,2532,41.2
147,Company 147,Healthcare,Mumbai,India,2549,44.9
148,Company 148,Retail,Chennai,India,2566,48.6
149,Company 149,Manufacturing,Pune,India,2583,52.3
150,Company 150,Telecom,Delhi,India,2600,56.0
151,Company 151,Energy,Kolkata,India,2617,59.7
152,Company 152,Logistics,Ahmedabad,India,2634,63.4
153,Company 153,Software,Hyderabad,India,2651,67.1
154,Company 154,Finance,Bengaluru,India,2668,70.8
155,Company 155,Healthcare,Mumbai,India,2685,74.5
156,Company 156,Retail,Chennai,India,2702,78.2
157,Company 157,Manufacturing,Pune,India,2719,81.9
158,Company 158,Telecom,Delhi,India,2736,85.6
159,Company 159,Energy,Kolkata,India,2753,89.3
160,Company 160,Logistics,Ahmedabad,India,2770,93.0
161,Company 161,Software,Hyderabad,India,2787,96.7
162,Company 162,Finance,Bengaluru,India,2804,100.4
163,Company 163,Healthcare,Mumbai,India,2821,104.1
164,Company 164,Retail,Chennai,India,2838,107.8
165,Company 165,Manufacturing,Pune,India,2855,111.5
166,Company 166,Telecom,Delhi,India,2872,115.2
167,Company 167,Energy,Kolkata,India,2889,118.9
168,Company 168,Logistics,Ahmedabad,India,2906,122.6
169,Company 169,Software,Hyderabad,India,2923,126.3
170,Company 170,Finance,Bengaluru,India,2940,130.0
171,Company 171,Healthcare,Mumbai,India,2957,133.7
172,Company 172,Retail,Chennai,India,2974,137.4
173,Company 173,Manufacturing,Pune,India,2991,141.1
174,Company 174,Telecom,Delhi,India,3008,144.8
175,Company 175,Energy,Kolkata,India,3025,148.5
176,Company 176,Logistics,Ahmedabad,India,3042,152.2
177,Company 177,Software,Hyderabad,India,3059,155.9
178,Company 178,Finance,Bengaluru,India,3076,159.6
179,Company 179,Healthcare,Mumbai,India,3093,163.3
180,Company 180,Retail,Chennai,India,3110,167.0
181,Company 181,Manufacturing,Pune,India,3127,170.7
182,Company 182,Telecom,Delhi,India,3144,174.4
183,Company 183,Energy,Kolkata,India,3161,178.1
184,Company 184,Logistics,Ahmedabad,India,3178,181.8
185,Company 185,Software,Hyderabad,India,3195,185.5
186,Company 186,Finance,Bengaluru,India,3212,189.2
187,Company 187,Healthcare,Mumbai,India,3229,192.9
188,Company 188,Retail,Chennai,India,3246,196.6
189,Company 189,Manufacturing,Pune,India,3263,200.3
190,Company 190,Telecom,Delhi,India,3280,204.0
191,Company 191,Energy,Kolkata,India,3297,207.7
192,Company 192,Logistics,Ahmedabad,India,3314,211.4
193,Company 193,Software,Hyderabad,India,3331,215.1
194,Company 194,Finance,Bengaluru,India,3348,218.8
195,Company 195,Healthcare,Mumbai,India,3365,222.5
196,Company 196,Retail,Chennai,India,3382,226.2
197,Company 197,Manufacturing,Pune,India,3399,229.9
198,Company 198,Telecom,Delhi,India,3416,233.6
199,Company 199,Energy,Kolkata,India,3433,237.3
200,Company 200,Logistics,Ahmedabad,India,3450,241.0
